,fileid,p,alpha,q,r,k,tau,m0,b0,error,p_tilde,q_tilde,alpha_tilde,r_tilde,k_tilde,tau_tilde
0,2397767,0.0778347563608901,0.0013964968821105206,0.312933919640609,0.350682181767036,0.5758308218239327,68.1680811807732,1.0,1.0,0.014379467700488101,0.9999999999999999,4.020490771367661,0.017941816065248493,4.505470282980734,7.398119410228827,5.30584599029486
1,1214612,0.1355112561017946,0.00832056172183504,0.4616083378885499,0.41389241030295343,0.44266108452893027,16.127937261539564,0.8949193999216505,0.8904394314335753,0.011272876008209207,1.0,3.4064206263559,0.06109388407780017,3.0696695827295857,2.908709547564223,2.1855170366421635
2,1518688,0.17123880569028865,0.0012726379738557392,0.1258835157948125,0.031279077330645,-0.10191074735374617,116.1757445103569,0.9072964261705864,0.9520064767274014,0.007711361283157074,1.0,0.7351342780473015,0.007798182424348538,0.17408487532193948,-0.5665753807251555,19.893795740133626
3,1510105,0.09732129748807533,0.01077024324521264,0.23680493050146856,0.19662491349920608,0.0030696223401238676,38.72259944954191,1.0346148656360623,1.0030866743475557,0.01578115145055603,0.9999999999999999,2.433228251303205,0.10729447731125832,2.0838713673439804,0.03163847322355202,3.7685336205404507
4,1134876,0.07429072929296648,0.023094907357731675,0.28024964882433084,0.2642894092255048,-0.17158869064511806,80.5804178290969,0.9995394433309247,0.9902301177572163,0.020916307360289196,1.0,3.772336757109526,0.3079766546835768,3.5909465752994745,-2.2871264148352943,5.986378007255568
5,662427,0.09456978167974822,0.001973884343591914,0.4179877252440879,0.28787874948455283,1.7598677231402249,114.78802645233156,1.000189604789285,1.002018826739472,0.013546451582684783,1.0,4.419886752615803,0.02091042504873186,3.0385310319369094,18.646766015906582,10.85547860104616
6,767213,0.10395337799190818,0.0010970623065302831,0.3780810994026713,0.16261315144080563,1.4121828766220879,69.10201536082916,1.0758765466199525,0.9700641782622901,0.01150558170494154,1.0,3.63702562346845,0.009515480300550995,1.7349183191155224,13.178100108234265,7.183387922806919
7,4691,0.11873255253104897,0.04260871677335798,0.968997594036312,0.898413756691941,0.037508572634676884,18.20298858815616,1.0,1.0,0.022525276983655192,0.9999999999999999,8.161178829057143,0.35886297283312973,7.566701275600073,0.3159080794196542,2.161287298765336
8,130261,0.10748520532320494,0.008237981544958306,0.7518905390248509,0.7768210216687548,2.0275517684553512,66.75035264714266,0.9700338966092916,1.0089978201373373,0.01757263176664097,1.0,6.995293322126869,0.07972149638291862,6.948146415558324,19.033273541557694,7.174675359674465
9,2419841,0.2000951755471067,0.031534221135871066,0.3495151224939306,0.03027349118046635,0.5430558005110075,12.00638689065633,1.0099857437025306,1.0334742946867599,0.007620211033627837,1.0,1.7467443757115833,0.16126121464204643,0.1478568516049867,2.8048362928997292,2.402420092572359
10,2410712,0.09880891688778543,0.0014389883225328082,0.6368113747978927,0.3471054337673111,1.9594842739848084,40.14434189738037,1.0034232834832788,1.0238919598206118,0.016546543376807596,1.0,6.444877596635352,0.014860420182426004,3.442669366993834,20.30484956946218,3.966618942053099
11,2595895,0.08955316647310507,0.025841477721341544,0.9517865940284553,0.7575832186644343,0.7768503890730982,36.09222720925784,0.9948581867015261,1.00186055442262,0.023411836064481936,1.0,10.628173536602965,0.2905912264572497,8.40046448045334,8.690879308370885,3.2321732316558003
12,1259089,0.12321141211140801,0.02144392527958411,0.058891497750244104,0.05262978632228321,-0.08548468437572287,24.908195232223605,1.0,1.0,0.021338808325695298,1.0,0.47797112898109057,0.17404171344286248,0.42715025678542873,-0.6938049236740137,3.0689739077089104
13,1700316,0.20784732776413645,0.014906022326898027,0.9149053936633923,0.808079922522531,0.9041464995287196,12.028952862238356,0.9790255739272548,1.010018650651612,0.008825724870420906,1.0,4.401814560260404,0.07398653337300694,3.7685520181591365,4.393632755681486,2.5001857082170025
14,1131771,0.09106545211461692,0.012814504480139488,0.9963631676432754,0.7023851169159155,1.4801856514360923,90.5179096312101,1.0025785876982782,1.0001486039465637,0.0202769312531163,0.9999999999999999,10.941176313375477,0.14037645708497584,7.73170979104202,16.25650099449649,8.243054365036185
15,1372439,0.15501378670693727,0.0652423059682905,0.997517502526053,0.8128471460474134,-5.72037107875202,12.001039025552103,1.003446675960783,1.0,0.015096601053908162,1.0,6.435024417614665,0.4194350105923759,5.261782091082764,-36.902337529285184,1.8603265037685641
16,1128913,0.09086860063701335,0.004213968820950431,0.8894542797514322,0.7417942128227075,3.485277590498026,67.02306673178786,0.7584307173897704,1.0492328120295882,0.01677367617013135,1.0,9.788356742770532,0.06415543105701457,5.900837450742348,40.243467835383456,6.090292284318727
17,2583483,0.08702004361950566,0.001083717585368571,0.311346886744842,0.3521415367771966,-6.109105383307545,14.67117138479653,1.0092978019832732,0.9889036267611838,0.015312192989592006,1.0,3.577875553662136,0.012202012518439354,4.130126144983968,-69.42442474787423,1.2766859738542373
18,2184783,0.10296406018858578,0.01148367785452109,0.5575328852869366,0.5424631269250818,-0.8911839071864025,20.15037039774966,1.1121674399571637,0.9370366499344008,0.01646650670233016,0.9999999999999999,5.414830031622457,0.09396838055976686,6.253140143586747,-8.110324916635033,2.0747639504561937
19,92229,0.09437357157235376,0.04016659673746614,0.7271864065765711,0.5039621769498327,0.10791486763358948,25.746765596059447,0.7892118879568778,1.217316291167475,0.017552321072650943,0.9999999999999999,7.705403053640458,0.6564844757648771,3.4620850795045444,1.3919842625520942,2.4298142257363318
20,1790794,0.06440735720441748,0.0019466190097344738,0.662919360466337,0.6016267205195731,0.739452657937445,49.15818707550929,1.0451994549394632,1.0222250735049618,0.014806537428678178,1.0,10.292603038537182,0.029559210859693683,9.55089966369919,11.736035763965493,3.1661489144939057
21,1727897,0.11937898395238172,0.010296475893169843,0.8920734271590829,0.8880578926444711,0.6321760331387805,15.018553126814304,0.996223617320464,0.9790082363414812,0.023147152458318603,0.9999999999999999,7.472617018711736,0.08475986201541472,7.5697909832777555,5.184376033116702,1.7928996127139571
22,1903267,0.12580990549783994,0.028532792138076968,0.4838756383666388,0.5635537318124931,-1.756913740415581,48.43595675944297,1.1457822220993537,0.8515477912235296,0.015151749016464983,1.0,3.846085381368851,0.16855296002899167,6.027171462258252,-11.891718772865978,6.093723142602982
23,1717596,0.06590464913292643,0.007232145999071016,0.6793975350840002,0.41588295542551196,1.2328428902373423,41.4828702380354,1.0018937452779622,1.0000231794341674,0.023780050860510677,1.0,10.308795267442953,0.10953162575494384,6.322177256491482,18.70689675247818,2.7339140080644393
24,2146291,0.06449715322595467,0.012682551413919219,0.8051744388055455,0.5265620796465925,-1.901903726244838,39.8913494281538,0.9491702070232213,1.1138047036299936,0.021466816744575595,1.0,12.48387562137441,0.23074432841110584,6.957353726255416,-32.84407466360012,2.5728784764577353
25,2163775,0.06813485430816557,0.01061417066000575,0.9854709263245782,0.4608786767032552,4.0963560968407675,70.65518853324821,0.9465093641647696,0.9917129374411958,0.017868946711032445,1.0,14.463536120109898,0.16322166302870894,6.455891453172163,59.62307219781128,4.814080976828837
26,1134475,0.09417443208579751,0.0031838043502385727,0.22728041334717086,0.24117795209868614,0.5723136690211361,63.503149319629955,1.0099090258370822,0.987185053952232,0.020162675106390623,1.0,2.413398289889418,0.03304682036922779,2.6199214789833505,5.999287574312167,5.9803730228357495
27,662052,0.11084582029948281,0.0164345868977267,0.9495028290667212,0.9013617696455959,0.00972878442430769,12.889435113823552,0.9259544098481431,0.927037006072251,0.02089164605228267,0.9999999999999999,8.565977738279694,0.14843862985209627,8.122175058985885,0.0813647565696677,1.4287400083887294
28,1184814,0.06864220556517908,0.013027444669556909,0.522047429898775,0.547700771293811,0.3197960257691479,27.644625631202402,1.0,1.0,0.026476978857818873,1.0,7.605341722346986,0.1897876759974841,7.9790672048517255,4.658883308542383,1.8975880753494139
29,1422907,0.08079947808659366,0.0023901236884056876,0.8174355007648766,0.7033488849559185,3.7644485122069415,110.83263527306508,0.9810725265765052,0.9470340199856486,0.021683093580072765,1.0,10.116841347524822,0.028554613543575257,9.017741496383382,44.122324697736545,8.95521908502545
30,1170745,0.1436511052545245,0.01682686129722366,0.11583557774727399,0.09486104376031912,0.236281353570873,36.7093221649549,1.0,1.0,0.026168942560167524,1.0,0.8063674661050029,0.11713701239826467,0.6603572147408265,1.6448279541756672,5.273334702140185
31,604020,0.08252647229924936,0.013380227494038666,0.893057133468186,0.7153412147557945,1.1421151584601708,27.620612068426297,0.9131589396550577,1.0743944738144195,0.022581815911633035,1.0,10.821462599659782,0.1907601288803206,7.367201970394057,14.868952719313663,2.2794316767532954
32,1612332,0.20435959417457628,0.033983320153917584,0.9123546080091685,0.9649334336818134,0.6434223755866753,13.10457800506289,1.0303469285698688,0.9968620431088047,0.013023457023012526,1.0,4.46445693775346,0.16088751897330908,4.880347467464375,3.138601573857738,2.6780462429437306
33,808156,0.11233953593190998,0.004144626233447302,0.984880078359254,0.999158969474676,1.0817625419176702,28.8861996412967,1.001261316545257,0.9943002243365627,0.019421719610092522,1.0,8.766994363909415,0.036637248128923466,8.956366691331421,9.574516479750805,3.245062262539776
34,2417868,0.1318126393872434,0.008933305083078713,0.46067393480687846,0.472722157986776,0.5651348879798035,15.614445760451687,0.8079827516405672,0.9548182687123585,0.013928595457312901,1.0,3.494914728575427,0.08008916017749762,3.034801381946108,4.0936978262347905,2.05818130825409
35,1880969,0.14346272459681708,0.04018251090357222,0.17949659136105028,0.13646642428766814,-0.3209114477323671,22.763510827444875,0.9554281670460945,0.8530210757517468,0.018390906195095574,1.0,1.2511723297149249,0.2500689194744355,1.0654302342232194,-1.9081209361876823,3.2657152846943878
36,1996933,0.09387617810799459,0.00598798569758513,0.4394247292029318,0.13905453369437865,3.2838759813235985,83.38980015604773,1.109268742708076,1.1468613033043824,0.016489471418358985,1.0,4.6808970929496105,0.06594767331157915,1.4327012142972304,40.11827455841015,7.828315731839212
37,1329803,0.09055794039012754,0.0030073710559148092,0.06699329571453505,0.05435891422280559,-0.07281456223109606,15.864101846276583,0.9612507515123063,0.9785438241182616,0.021184585231150216,1.0,0.7397837829120784,0.03380680020820747,0.5896586162074549,-0.7868138328914739,1.4366203893380272
38,1379193,0.10040009670345174,0.011951614877505512,0.8645133646284799,0.8302529352240849,1.0733193807520824,36.04872620326418,1.1495383891968594,0.9986899450675149,0.01988597516404414,1.0,8.610682589101113,0.10341883881884752,9.518512628166487,10.676416742598057,3.6192955968439784
39,2548142,0.1043576818216056,0.01685104959934841,0.7979324040796383,0.6513124761299125,-0.02046404310088623,23.072816885618444,0.9991773137152293,0.9807910907528824,0.01676853073777826,0.9999999999999999,7.64613002273915,0.15850263301289552,6.35815376688244,-0.19232844965301665,2.407825683277539
40,557797,0.060480954394052766,0.03006854933133135,0.3195323658948368,0.17245847020908117,-2.1949049598062356,62.45295013811023,1.059135545829875,1.0800527528048243,0.024041987685114573,1.0,5.283189875162704,0.5069758413316859,2.7962272851756906,-39.19602737315262,3.777214029077096
41,639077,0.06891692056350279,0.014010336355117503,0.21461973995142003,0.20526011968803703,-0.004295193945914599,31.085608288521705,1.0,1.0,0.030329265778811676,1.0,3.1141806423817333,0.20329312802373142,2.9783704496619547,-0.06232422909779953,2.1423243970882146
42,2276216,0.07984262608757398,0.007261969659629275,0.2856378499248296,0.06314620290777762,1.2208383626311803,52.847167504808596,0.9777077326931158,1.0027745583419554,0.015283312692286671,1.0,3.5775107097746606,0.09328544210047045,0.771113259835481,15.332983268256076,4.219456634873823
43,1923476,0.11092852388783897,0.00934396311574126,0.565476563680845,0.2930473199550578,2.1700514227703582,54.434192451274996,1.0489725500266422,1.0178013895348235,0.020082024923361735,1.0,5.097665991234179,0.08173099713520592,2.7226737491113413,19.910851384725113,6.038304617646482
44,1469511,0.08970289900988687,0.033952611711496494,0.8983702760471448,0.7527085909227808,-0.35807273487327373,31.830380690856053,0.8735176661911846,0.9923342062081922,0.02679133762595922,1.0,10.014952537354766,0.4299846750789152,7.38642214806652,-3.961163207067623,2.8552774245581136
45,27145,0.07968436346646429,0.0034389841189648163,0.14448393077152083,0.09495352080878144,-0.6688334135882523,52.182630974560674,0.9040049837325911,0.7713053266291574,0.015233376443392541,0.9999999999999999,1.8132030487051312,0.036822440441923295,1.3966335132767451,-6.473977479223896,4.158139733213271
46,787365,0.08541305832536511,0.01355257898639578,0.058103329816703075,0.01037973144745108,0.18840077364717267,75.5133632347887,1.0,1.0,0.029059888300070454,1.0,0.6802628421917558,0.15867104225175685,0.12152394084650885,2.2057607740668304,6.449827298317488
47,1725527,0.15298445866794308,0.025145389006375973,0.3336482735448024,0.2684948236136855,0.282594752517602,12.02728485424251,1.0069871021819743,0.9924429744131342,0.027115889250369066,1.0,2.1809292032009284,0.16199167581226917,1.7807663868161665,1.833252731578812,1.8399876626714409
48,2455657,0.06113213008186569,0.0022825574009527894,0.113567416603713,0.09298643989250988,0.31014116354271426,89.6472359010937,1.0,1.0,0.02700638940320727,1.0,1.8577369453939867,0.03733809696956544,1.5210731209265274,5.0732922789928265,5.480326486585359
49,726763,0.07556132585363029,0.021080304161684715,0.938034583673383,0.938589526160813,0.07523148903936683,12.000096159604297,0.9849909815842561,1.0,0.030520767291962753,1.0,12.41421551403754,0.28323378033997926,12.235124360690715,0.9956348461261468,0.9067431761907577
50,1450553,0.07629558612420251,0.004582951272960656,0.34569878124226516,0.3948051632292353,0.5133246329266816,63.696746175600715,1.0418114340030897,0.8135734930736442,0.021758393260054253,1.0,4.5310456188054955,0.04690871075468105,6.626370868366686,5.473807016975346,4.859780583672011
51,1498184,0.07972105184894862,0.02327188078656056,0.7443477964675853,0.6918339411509032,-3.1277166030440706,83.75803123562977,0.9173756134448717,1.0256889721127964,0.026077359006105163,1.0,9.336903856686908,0.3263825703897105,7.761762492381466,-40.241120171305276,6.677278350901499
52,1716722,0.13409131000448776,0.006902237178180115,0.09405510856176397,0.03259157952732605,0.10472560036209666,28.362314972840622,1.0473812067229933,0.9835091112586984,0.01953768874289975,1.0,0.7014258310893982,0.04833512605842131,0.2588398649506067,0.7681227227529671,3.8031399694680967
53,1134152,0.10765287915209498,0.005618204955904482,0.14313449835922537,0.08921020359831122,0.7730755026858782,127.04182946771243,1.0566244465608243,0.972955508984078,0.023014690366329492,1.0,1.3295928495976495,0.04805562788349263,0.8999462138356408,6.986975872109993,13.676418714948706
54,1259515,0.09646374965011412,0.0065045166366587415,0.21227848812940558,0.16201346445912035,0.45184025520581983,45.79888442446173,1.0755974702736935,0.9680167455195064,0.021780964450752012,1.0,2.2006037387035624,0.06068536765909665,1.8661814644027601,4.534231096401544,4.417932121375787
55,2533710,0.08850915824695188,0.014811773761791824,0.2234612100813242,0.2597599771743189,-1.9042880019122088,139.83581103052336,0.7510427965578017,0.8383065005631242,0.018144496552786948,1.0,2.52472415857621,0.18679145639331057,2.6293347315528433,-18.036291865902413,12.376749927091451
56,2272171,0.1907684337106318,0.05034854774979286,0.94274932271916,0.9409752132378,0.9846400135585687,12.117738078858679,0.7566083271410715,0.976428233077414,0.02354006975623222,1.0,4.941851774854822,0.34060392315011584,3.8221036293713775,5.039776707055558,2.3116819134195503
57,1169900,0.12207262877492026,0.024894461302506332,0.9942373973478296,0.8515992518455052,2.323843318695804,62.67621799180961,0.8625724974215347,1.0165834859363465,0.02859199977196472,0.9999999999999999,8.144638215181084,0.24034322232416067,5.91928881419458,19.352255828335355,7.651050691930153
58,408769,0.08946595112780403,0.013384489366621732,0.19379876751677716,0.03537787344791954,0.5164692086380906,59.145583503774446,1.093973827169505,1.1883059108242995,0.016896862304654064,1.0,2.1661734444641567,0.1625044840807291,0.3640429417559343,6.8598545664224195,5.291515883174137
59,549189,0.06773191172464738,0.008005652070285807,0.04327846805107616,0.01133897559839675,-0.020228230325186614,117.5230883973768,1.0059495509166112,0.8763672888251768,0.032439532263573524,1.0,0.6389671714422803,0.10297062185382874,0.19216333588742374,-0.26172831854920314,7.960063448939056
60,1718747,0.06798441256551518,0.021488816731605298,0.93413001729911,0.9187613269858823,-0.3211892832626406,26.473543488947186,0.9869066161538075,1.0059988466395715,0.034700290868742406,1.0,13.740355796983728,0.322199287021411,13.257814394018924,-4.752796064889533,1.7997883026236938
61,1379191,0.047741338273382505,0.015952291249700268,0.24542050394109033,0.13563394390949013,-0.1434454895392523,115.92595068229599,1.0132865018236419,0.993349884040335,0.03041105870966663,1.0,5.140628914416523,0.3275657374523959,2.898036248186488,-2.984657857389169,5.53446002618695
62,2210159,0.08380968048721399,0.003722420576072638,0.08062897938921204,0.035940353481292986,0.10371408500918333,61.9192034973574,1.0720404407848882,0.9357790182196362,0.02138010522633239,1.0,0.9620485237563076,0.038769784754892754,0.49127653865099347,1.1580221292007902,5.189428661136307
63,1688122,0.1326254703259751,0.01621705218338093,0.07934076243181992,0.006592586503031683,0.39696811206483273,64.5454149816788,1.0248287229136068,0.9747487766571928,0.021660665891217883,1.0,0.598231713989864,0.11630178680193046,0.05226217622754168,2.9175706646397237,8.56036601933039
64,1378891,0.05644722324255286,0.028139297913382988,0.38018365308031227,0.1597605537852837,-0.2235076591507268,48.6480209217651,0.8087387033574678,1.0795266407374706,0.027265350304564562,1.0,6.735205582153598,0.665419941025611,2.120322087092712,-4.274479037264466,2.7460456972792566
65,2455705,0.09138960071645846,0.0029790343658695484,0.1066107215129764,0.0641482663328014,0.49642278115540117,97.76026931669111,1.054864785322833,0.97626876001298,0.022255938221534398,1.0,1.1665520001968535,0.030168334254588095,0.75843007420062,5.303032830884211,8.934271978785846
66,1320063,0.10444918351704241,0.02222041554376053,0.9176009183537035,0.9291620076951379,1.3538431601059342,96.1929017854514,0.7502357993518578,1.0845547489394007,0.03059244698229718,1.0,8.785142089731927,0.30753944308506487,6.153648673212471,14.05771667303114,10.04727005162545
67,2410860,0.1140290839196314,0.0031847114765444218,0.12170939568714034,0.05427761958079097,0.3243212666449602,44.864417233125266,1.0079544553587485,0.9633189310747795,0.017810914272317215,1.0,1.067353972368331,0.02669215535167008,0.4980534711931187,2.7398695593261193,5.115848397681399
68,1978943,0.0982744157984482,0.0011628536744155427,0.5546828067156727,0.6182514113247478,2.8458940529158583,116.73444731344239,0.8030579004995035,0.9667040979723195,0.0174400634663649,1.0,5.644223903129338,0.014243978165686831,5.226102761535912,27.994442103742887,11.472009613283282
69,742171,0.07255217628271415,0.0081124047191094,0.8878629143275816,0.8553586379058287,0.4029057208394615,32.743288098301306,0.866342465762983,1.035263917039525,0.020958544524075244,1.0,12.23757797240768,0.13361666859092444,9.865891313962452,5.749155657695597,2.3755968101836524
70,701086,0.09960553910833553,0.017426669631260217,0.5967354926629432,0.6143025990780149,-4.084070594666239,51.687666399384156,1.1691470080489772,0.9284170525081656,0.020694481514898756,1.0,5.990987027477523,0.1389328336943657,7.766491590314267,-38.06736871943689,5.148377876962459
71,7003,0.05913474273197866,0.0023007997592611185,0.18520009085714506,0.08258369674177873,0.6555812191043753,88.67344795169899,0.9749568020697652,1.004283810159027,0.023188323363458403,0.9999999999999999,3.1318321903680704,0.040078106915766396,1.3557528305732374,11.133718930255876,5.24368153178122
72,1789155,0.061743720662418566,0.005192806734515998,0.3769622678137096,0.400884581966254,0.10149493755130745,69.51382063464601,0.9704431736657522,0.9976845444988985,0.02662206129300587,1.0,6.10527295358076,0.08646343755845354,6.315437218071898,1.6400037032665253,4.292041923443051
73,496732,0.04309607725273973,0.00796365599753357,0.8610849429176781,0.865218869787916,-0.07261266475864225,70.52267035790425,1.008606466763186,0.959199047464754,0.03367763514154305,1.0,19.980587510733052,0.17573640632331555,21.110632768141635,-1.6161563490314965,3.0392504498137396
74,2017290,0.12249505798530469,0.028527196079242922,0.9871795134549192,0.9758411001285914,1.6654037248655573,37.07229583740781,0.9993655818405713,0.9957763969798754,0.029466475302285702,1.0,8.058933394466802,0.23204806926536203,7.99508523971907,13.538258179055987,4.541173028251639
75,972778,0.07677132039459866,0.008750631545508591,0.9487413622022238,0.8552796427615569,2.389147874207609,133.55365819508054,1.1064250496999821,0.9904830087568055,0.02896151362990181,1.0,12.358018037540143,0.10203881767110201,12.444690349712747,30.824145822253822,10.253090683165246
76,1329308,0.12065653783326713,0.008194231495082416,0.19770627303231686,0.20053219672254746,0.7895269717772657,129.50224204966864,1.0283664591498394,0.982549158011837,0.028358438781245665,0.9999999999999999,1.6385873205273236,0.06488790523247964,1.7395097508791484,6.429399312115021,15.625292167358763
77,2146683,0.06248423742597364,0.03295568933581794,0.9564518563551176,0.745010251316344,-2.5807185595842883,42.87981251975254,1.0853855545166162,0.9806453334084195,0.035005649408554745,0.9999999999999999,15.307090167952289,0.47652737556773156,13.196654478951777,-40.502528582429846,2.679312386265455
78,786926,0.10836952534682093,0.03794333958920765,0.13326249142560864,0.08348805813753651,-0.17978375726320772,109.62123400268877,1.1759755371156426,1.005043615084581,0.03306612595778488,1.0,1.229704485639495,0.2992368007534173,0.90142701073675,-1.6673554373799213,11.879601096804167
79,701385,0.09557543575349542,0.01165722898104432,0.08222269449851216,0.034979650146627184,0.14430370441504303,78.58778493873072,1.0753210313397936,0.9396642476316339,0.019434026681260427,1.0,0.8602910763658755,0.10658193577999141,0.4188269426227451,1.4187435377155473,7.511061790421174
80,2422926,0.05912018411060316,0.0018841696741447311,0.08397306531679366,0.07283959927847428,-0.12824688327433997,16.60981617302933,1.1307854885144688,0.9121230664435765,0.031243403918445965,0.9999999999999999,1.4203789548370698,0.025707357893781924,1.527420298840664,-1.9786295018158218,0.981975390192768
81,2295471,0.08108275624666894,0.008547028050662542,0.4282927969134238,0.5105412128257285,0.4193424566580495,69.29390051019007,0.9451700927865374,0.9827617027974542,0.027009980278800933,1.0,5.282168697009718,0.10960361512693047,6.05569578191521,5.08263070765386,5.61854044444867
82,2599036,0.138424155172522,0.008676880904803952,0.16121827812103773,0.05651220195566026,0.494514248296527,23.648937568935487,0.9237491054604574,0.8574989859333875,0.018720937170637393,1.0,1.1646686802610915,0.05818771985003209,0.43979548213156666,3.0633776736103844,3.273584203707611
83,2666875,0.07756036714958936,0.0010122073345088523,0.19880927423887457,0.23138075784147694,0.1317452850498424,44.25563800791567,1.0637243367496128,0.8727473154857733,0.02831365692207511,1.0,2.5632843363858053,0.010707523834525902,3.6360341776731997,1.4824626040436002,3.432483532333261
84,1829108,0.06446190432161869,0.004249911725322186,0.9076972655131876,0.8514490567067712,2.1307222081693955,63.08625096828148,0.8363178369140165,1.008516052130945,0.023053296838071943,1.0,14.081142576620588,0.07950386351319716,10.953277279228686,33.33546491039762,4.0666598739269855
85,1717704,0.07363062297237527,0.014361719931182793,0.9138399420057348,0.9787622912109049,0.40479718995744873,31.79097026878452,0.9842907731699001,0.9856648099186565,0.038980438030232004,1.0,12.411139619837105,0.1953231933622599,13.274339361219468,5.418864178898902,2.3407889457868647
86,2547352,0.11877472357997154,0.04546672044257022,0.5424543317429182,0.2163317731989406,0.3454579549194836,39.156569006122446,1.2302334661489782,1.1719916789620233,0.019549741650260584,0.9999999999999999,4.567085617148848,0.36467550424019257,1.9118741024536157,3.4087542904216415,4.650810660042275
87,699970,0.07180159396270508,0.01044386514662704,0.03480646065770676,0.0033641909050334817,-0.07995292845680457,75.72876327069264,0.9709863097341038,1.1066673784708068,0.03155575394536774,1.0,0.4847588853777509,0.16577963214652774,0.0411095331885312,-1.2323026948721294,5.437445911660086
88,2321371,0.047591275079974515,0.007022793862196286,0.9972508822583352,0.3184677563077792,1.6063702492118015,61.021840184179,0.9544575847534451,0.9809161419188646,0.02578755417374835,1.0,20.95448967447311,0.15165538224590214,6.5112276489031515,33.10931477885776,2.904107182091505
89,2140256,0.06766895624354591,0.0068831370943454595,0.04744601506151047,0.00524667567058279,0.2344051151822435,110.47513466421992,1.013841386509742,0.8999193754436134,0.030304115381393243,1.0,0.7011489122242188,0.09028810301820508,0.08734964700315116,3.1173187317443265,7.4757370535929395
90,2595703,0.10119378952202807,0.021193601475213875,0.9966003988322186,0.9749371719213527,0.8934005651506438,32.31405166516295,0.7685955640738789,1.042773383353809,0.02482702832024588,1.0,9.848434410248828,0.28414692960230814,7.1011830179205235,9.206240169605925,3.2699813428084403
91,700003,0.07149128749782407,0.02624437705327337,0.17281593964939934,0.19404740930073983,-1.1783400018418044,87.25720117911587,1.0550953176820534,0.8850931725032594,0.035255657830631656,1.0,2.4173007047139725,0.3079501678749932,3.2356194363037716,-14.588360722268463,6.238129655751646
92,1717597,0.056150975725706376,0.005325401273930663,0.8757638651464973,0.9177751636874959,2.223284884861789,120.3872060222175,0.9956149938022515,0.983130220058752,0.03725741529993421,1.0,15.596592113101348,0.09365148064679184,16.552339141988533,38.92681346776313,6.759859083039147
93,1492696,0.08102202724858953,0.04235277712722674,0.051397647329754936,0.010602123971764632,0.03218237855357797,58.849958346905794,1.0445505366147283,0.47852334436080296,0.0392065888348057,1.0,0.6343663454884695,0.23947074219721065,0.28563807654245565,0.19007200804410387,4.76814292876136
94,2547518,0.084205599631892,0.001110348893413049,0.05361685905267022,0.05951177853232381,-0.13507419596584191,21.247940411603857,1.1765048706703356,0.9433322721650035,0.02609408388621435,1.0,0.6367374531748289,0.010572786295500125,0.8814364256233821,-1.513199226041253,1.7891955633018128
95,1204854,0.10391152497338974,0.0018634011525266447,0.14210472872157376,0.1277685508242129,0.48499128782328427,96.56103499237977,1.228383046666896,0.8780317607191436,0.023354009819735143,1.0,1.3675550306663746,0.012817964165770123,1.720219390332926,4.098080116618192,10.033804399067032
96,1049654,0.08289742354064605,0.008184088639471343,0.9492580083990655,0.9262124635509152,2.814055470763037,55.396195641452536,0.8850703617698272,0.9635110428373779,0.03763961539807983,1.0,11.450995312702664,0.10747518225275499,10.263386626019518,32.70757287055717,4.592201892629982
97,2557438,0.1273624377506834,0.021687303914325218,0.6817234894318377,0.6793818242346783,0.3879641972575154,13.560217400240518,0.9255715509274464,1.0082218241906844,0.024583091961741254,1.0,5.352625950567436,0.18548564269899254,4.896958958027608,3.0711878446088225,1.7270623445238669
98,2596486,0.07141382627300885,0.021187927346609625,0.9043183025753406,0.838989238952708,0.23147238604302345,35.60335905954435,0.917091138808396,1.0313207563826783,0.04041238780256062,1.0,12.663070301235651,0.3336471608694705,10.447029631883849,3.3428019294608267,2.542572098613856
99,1075091,0.08028458302060343,0.004543051740267923,0.4734470213226846,0.49054263196605274,0.40540149127397784,46.6053727614034,1.1997725670203225,0.8217309184657499,0.021604768813559338,1.0,5.897110049150831,0.03875664968270477,8.9210074136658,4.1493762219137285,3.741692918669061
100,1834623,0.06160858112271034,0.011037425274530777,0.7924632673545987,0.80000096075199,1.0584450183262262,44.75273818590206,0.9285577142170666,0.9956543411402856,0.038038248746873685,1.0,12.862871582388685,0.1920995107372804,12.110152506758542,17.105496639433962,2.7571527009895633
101,1801564,0.06754146281026097,0.0018500910760355094,0.45529497378187767,0.3857515070754822,0.531681030057376,30.71013536030329,1.0444803661732203,0.9636873210228181,0.03613638151797993,1.0,6.740969988478082,0.025273099690381377,6.190151876752912,7.5860700401769305,2.0742074653360048
102,155911,0.07566943799559839,0.004066096957596188,0.614336436228391,0.6371323868258529,0.9720951944521139,49.16149168573518,0.9975321122666089,0.9961411045107653,0.029096526649496943,1.0,8.118686387813879,0.05366006540963978,8.43170100156689,12.79702884468976,3.720022446884864
103,821875,0.08035543257521632,0.053041219140936124,0.5203408854888608,0.37385587813695326,-3.6335819013453263,45.382489150906466,0.890754953220485,1.1028154645227093,0.037381753594862295,1.0,6.47549106280771,0.8172272806247882,3.757892641034537,-49.86806969973763,3.6467295470611507
104,697359,0.09162198144520961,0.013889456460133454,0.9628458594004405,0.8528640271051735,-3.299179652401716,99.51283500278478,0.9997870519475414,0.9998761722358982,0.02544253937649962,1.0,10.508895837143918,0.15160875520308562,9.30767919174633,-36.00414518796093,9.117563122185352
105,789100,0.053571644378522076,0.006694570163271296,0.5429740595746992,0.5824086540490934,1.1838294935972105,106.22021820368118,1.0132600146150923,0.9794681295399805,0.03539563298961673,1.0,10.135474948989772,0.12079727150551836,11.246656680116915,21.6443469906404,5.690391755416625
106,2596430,0.06818907854210754,0.02061312570916435,0.9770694188848107,0.9602758975566177,1.1507802308102577,36.43852162997067,0.9874355613425214,0.9910729897717385,0.04647231282572539,1.0,14.328825667903095,0.3034072167312227,14.030861258617534,16.725657954375453,2.4847092133843547
107,1717866,0.07292438030806597,0.024367327198025812,0.06558462182737679,0.018037886783401347,0.08801280429178382,65.14517718152625,1.1848523998469571,1.01112877725956,0.03762660221831036,1.0,0.8993511024751574,0.28515261978322454,0.28984825568569683,1.2203364473005078,4.750671676021962
108,319433,0.06883002210650951,0.006110496816840005,0.24131078117934968,0.23404442540860904,0.40046298654831336,51.690538493126894,1.1106710799487263,0.8971651331148904,0.0367319664334896,1.0,3.505894285576991,0.07171096001076338,4.209528642716185,5.219836019785697,3.5578609071793053
109,2393890,0.074089334833506,0.10700105076754518,0.41562739367015966,0.16627428259545557,-2.702742476738588,15.144249311020744,0.8365761590881033,1.055613312043867,0.03861258883779891,1.0,5.609814079235022,1.8223497071934007,1.7785661087963203,-38.508254175625396,1.1220273580063083
110,884171,0.034604785932550786,0.03547579158165437,0.10882959610571258,0.06579852152679805,-0.2817660620004614,70.97105561277515,0.9609980707750514,0.9832175863296007,0.04003490090713156,1.0,3.1449290372099274,1.0488733476033023,1.8584584079934605,-8.005752381467465,2.455938186887241
111,2596570,0.0580056124525124,0.012130464906513427,0.8497663215578524,0.8274291248911563,0.7894293344955905,37.52939661312474,0.980879540394932,0.995079362830177,0.04158469096245286,1.0,14.649725873570127,0.21215314419752243,14.061082084876023,13.542566071730159,2.176915635517545
112,924975,0.12638398672134,0.011923886297319997,0.14681111172872596,0.12840039928729796,0.3141746039665305,29.674626984453596,0.984470708965337,0.9935749560248314,0.04850183523939937,1.0,1.1616274777945175,0.0952189991615628,1.0066453373985245,2.4699016577822253,3.7503976627639006
113,2184662,0.12660931162562084,0.012534295595283185,0.3716849533730553,0.34418430181046644,0.3414823905694986,57.23937101550318,1.2017792709109438,0.9535493650875464,0.025404319518537406,1.0,2.9356841815246124,0.07855118796437195,3.4261544602462064,2.5718512527654402,7.247037362156371
114,2566200,0.06586945098309499,0.001654119446934943,0.0879551657906773,0.08215109910492446,0.14004032591667492,89.37483116555555,1.08562448365698,0.9723886999900715,0.02639617809147664,1.0,1.3352952617329463,0.022492778057814595,1.3924161779234594,2.067326027952618,5.887071060581952
115,2523792,0.06617793120589355,0.008091256883460796,0.43853030097710693,0.483132578293908,0.7306396688443684,108.85822344063179,1.0969142193808166,0.89602306717269,0.037131925635493265,1.0,6.6265338457430225,0.09987328319221804,8.937305697412343,9.892572722455657,7.204012022049919
116,60415,0.10494108364402899,0.09339072188378567,0.4744867222923894,0.061135551733140836,1.5228116677053816,49.30406536679975,0.750006766392975,1.1364782335701205,0.02795489280109344,1.0,4.5214581917402095,1.3485098674785707,0.3844610526213658,16.491561303524357,5.174022047648005
117,700464,0.07730964745508762,0.037019707081126896,0.787835771988664,0.7806753808404867,-6.096032533132998,88.86050727836488,1.0521239781358593,0.971859540081232,0.030140429364932525,1.0,10.1906527571006,0.4423192790533913,10.932014703841503,-76.63322197158698,6.869774490370636
118,1498103,0.04134486077873717,0.014867903135606153,0.6127968661999283,0.48426272144394605,-0.5793105186689196,60.52266317886133,1.0612874639502599,0.9361433334647091,0.0394271370138183,1.0,14.821597041513742,0.3172031589755343,13.27853583272803,-13.116930855328823,2.502301083088424
119,1112098,0.05609052910191581,0.0010156194279317132,0.5982827402877882,0.4069212606393898,-0.9913032637152686,16.685427138247938,1.2123847003486539,0.9930575317981373,0.027800362562351823,1.0,10.666377191784298,0.01483117043538392,8.857004841237307,-17.550577398545148,0.9358944364757918
120,855010,0.059842967468813624,0.020244353387951886,0.922575645254772,0.9973889233915736,-0.9015092852325446,81.87086456356212,0.9349512969050191,0.9426694197397842,0.0427253467014508,1.0,15.416609240435147,0.3410838992646355,16.530309666740013,-14.200920688685194,4.899395484720895
121,2597267,0.06947087203896485,0.015718598854111587,0.8732925963627479,0.9316028967091604,0.7928072303446587,28.02439297425655,0.8502228069948707,0.9270747416497509,0.044492722287356026,1.0,12.570629542017771,0.24671359316153602,12.2983282839973,10.579852198164241,1.9468790182842424
122,2418431,0.10835255705302765,0.002068891811161433,0.42219538490383296,0.43484806051332664,0.3957125322279631,14.96651319405673,0.8576542117504258,0.8765061173785688,0.017904735140925915,1.0,3.896496736087279,0.019513777222963238,3.926952478275333,3.2010730955931965,1.621659974743923
123,924137,0.04956087529650177,0.012534995018558481,0.5020777090915665,0.5390043951344409,0.009107633048972552,41.776529771406885,0.8367837659681863,0.7964436364991329,0.03724632570492311,1.0,10.130525461623664,0.24072821658831242,11.426455643320713,0.14635973117963444,2.07048138232129
124,808036,0.10485247632539957,0.010885344881505055,0.677766583130763,0.6644644296158593,0.6423396282241312,28.296744207171393,1.125150611616769,0.9665743563423731,0.03230778356263488,1.0,6.464001680107007,0.08918423881289314,7.37680726934637,5.921357648980378,2.966983702068326
125,1251820,0.08545415491970942,0.03060778124664293,0.9438918712201998,0.33090426189954825,9.68487251960382,115.34961465523311,1.0966374862939667,0.918565822116023,0.0393923903312242,1.0,11.045593653194008,0.30001699725445,4.622979654129677,104.10486062868917,9.857103840677075
126,1559205,0.10993580223413885,0.07257803898615295,0.10358962489075824,0.05271118169666661,-0.20373097051191724,27.637675163766083,0.9321757589584287,1.1658726520741745,0.03697466089334599,1.0,0.942273788752961,0.825694496436817,0.3833630860157589,-2.1605733716710436,3.038369991015159
127,1500446,0.09110203702765218,0.0010112654723489212,0.3074488405985641,0.29842247203036115,-0.9126349727504657,29.313716903200593,1.2497985772160911,0.9371852755315212,0.018062589823338287,0.9999999999999999,3.374774600322539,0.008323816972903133,4.368355809070262,-9.388462500978282,2.6705393227334944
128,744510,0.04495498522850283,0.0016463867396241394,0.8122620292741931,0.6436035871715771,2.2644681717556314,119.29694117779482,1.0054186450567761,0.9979252885141567,0.03576582951167349,1.0,18.06834158982649,0.03635005679151298,14.424125859367045,50.26739619964552,5.362992228453337
129,790357,0.08669930133620368,0.0614307763154639,0.6948411159885848,0.7928377742038355,-0.2665668919102082,76.94346701976964,0.8379626839347676,1.0077059402054636,0.04312601239671988,1.0,8.014379646430147,0.8520783789188257,7.604306203853601,-3.0983068640699005,6.6709448329992584
130,2549059,0.06830338199399527,0.022811384308731142,0.4659209563380954,0.21387320944731192,0.9581096240103815,79.91937884772885,1.1929660304092133,1.0449957928018716,0.03618621431524519,1.0,6.821345338054501,0.2925471677032457,3.574602164712005,14.658432670608486,5.458763862159249
131,1231,0.041351031834846064,0.010707314099793086,0.8842714940064579,0.759688144354692,0.2649818048996755,67.01509430368195,1.1106787570150067,1.047366858911376,0.032544288556839295,1.0,21.384508554422382,0.24417688779921415,19.482228635787262,6.711638098292048,2.7711432979667636
132,2149629,0.06938857822179195,0.005241219510026929,0.05856142075160986,0.024726804770986488,0.15349280697487977,98.72521799307799,1.162612029919688,0.942772142659654,0.027916838216545083,1.0,0.8439634051071859,0.061251437997302954,0.43944859685015913,2.085483608728927,6.850402511176155
133,903985,0.06431223126846641,0.024528551127842024,0.11115481287825563,0.04529735349919373,-0.028338805616922036,23.653665056108856,1.0777761572843125,1.0761381382651367,0.041602249830030816,1.0,1.7283619412028872,0.3808182645137354,0.7054070576240611,-0.47419392727873083,1.5212199774353152
134,41933,0.080074883483096,0.06485072236600803,0.2295707235025452,0.1474000151561723,0.6009117020960764,81.28128506265892,0.7947554122545862,1.0110529383971814,0.044544929144688175,1.0,2.8669504533341987,1.0302886231263073,1.4469742787164146,7.5873172172613375,6.5085894307487235
135,787526,0.10397540063017613,0.02224576248711546,0.1724387148324657,0.1682609814615435,0.08863328694490136,28.366146688032238,0.9717814705849235,0.9430596203973305,0.04450091857438426,1.0,1.6584568444780765,0.2076286257605443,1.6675631117588432,0.8039062454602128,2.9493814662224955
136,1443639,0.07663978028828294,0.010223496600634097,0.06446602526490292,0.014516525195581553,0.25048949418659205,75.73696456562999,1.022472286548341,0.9936649726194926,0.04036666943084895,1.0,0.8411561857616493,0.12963839370330252,0.194903656072905,3.247695067054413,5.804464324011353
137,994747,0.04985272718975181,0.043387276146812426,0.12087076878584457,0.020482162041889795,-0.7955980146828978,68.96313289000909,0.7773057934492273,1.1199480592208197,0.04388095777654924,1.0,2.4245568015924293,1.2539477528660443,0.2851549398643635,-17.873213817823327,3.4380002501162235
138,2596376,0.054588353667869904,0.014731925987574723,0.7863304453924096,0.8203593129972206,-0.5495042176113218,113.85295891210623,0.8550408438217425,1.0896394940996086,0.0491384996916621,1.0,14.4047290778662,0.3439184754200294,11.792561258243685,-10.968667443730334,6.215045587227515
139,810174,0.09619686969302654,0.022847842843123023,0.1803862113112037,0.13336784842277744,0.3650311106257065,44.133341486130966,1.0993620053956261,1.0349038567113422,0.03690438310735762,1.0,1.87517755917457,0.22358545345750871,1.4727564141848475,3.9270727354400963,4.245489300059183
140,2596671,0.06249748253256232,0.016451563953138515,0.9871285867032336,0.9989881878675131,0.9327301074362326,39.47372548866807,0.9940679020411662,0.9985038514839053,0.04589066050411178,0.9999999999999999,15.794693589280522,0.2644102944203334,15.91344237258845,14.901953917661128,2.467008469223193
141,1260121,0.08306024720486271,0.016250395679622442,0.10139115635612106,0.08296257179770589,0.186557144411299,42.2252135997823,0.8611019627400102,0.8382143797244056,0.03687754796189574,1.0,1.2206941318877411,0.19044573385707378,1.026097097993761,1.8826681396719764,3.507236679876049
142,190650,0.08172859082056738,0.00860906273920492,0.4568778589944868,0.3747069682302543,-2.87178119108211,120.37566396408359,1.1281190971437078,0.959350588514552,0.03306002885455231,1.0,5.590183978548562,0.08957859720486809,5.39132314780531,-33.709684066353965,9.838133384874705
143,787619,0.08586812520696474,0.009015955006945187,0.46472707882389724,0.5257270004054703,1.9406061153607546,132.32210228133044,1.0005355706296288,0.9107352459334809,0.049150034635675986,0.9999999999999999,5.4121023104182475,0.09557391273049973,6.72618317113496,20.58247322243554,11.362250846342079
144,2666920,0.05847768810587589,0.009870024618156947,0.2996903951346344,0.33281222637200336,0.4806999853872651,56.721038848837075,1.0648648484297591,0.8950698509098248,0.04169563289520363,1.0,5.124867361241001,0.14186997070178609,6.770903746501932,7.357679111286574,3.316915218843564
145,2456014,0.039922382690469216,0.0021812127347181076,0.4286638152506522,0.1919768045567376,1.2105935876132468,111.10942576796513,1.1945587103323272,1.1054101068738593,0.04345774358902159,1.0,10.737430643211292,0.0505588867685585,5.196565114394995,33.52010318221414,4.435753016026985
146,2633012,0.08258503591648136,0.013782273278713397,0.43867469389117814,0.4462298807149804,0.3509256410135464,55.79755936659849,1.2169678967722237,0.8271165985907294,0.031463886680496315,1.0,5.311793946966517,0.1134245616391083,7.950046555634326,3.514636996064681,4.608043444342537
147,1379831,0.031108349581288497,0.007251001866644791,0.870810560862848,0.7971613957385697,0.36487829779116243,32.998295044522855,1.0121564469723103,1.1041646057251433,0.049996050456213435,1.0,27.99282419619702,0.2542770838430845,23.49000516555889,12.951047138179709,1.0265224978315168
148,2446438,0.05916525451137539,0.003040826230638227,0.7105576004353921,0.6230202008445858,1.757012802822684,116.17906554384133,1.218536681157675,0.9585283420704898,0.03898537498407471,1.0,12.009710873444767,0.04042883412713503,13.386561568571224,28.465128440585847,6.873763981795135
149,1588593,0.04210759658465818,0.014834540243329308,0.38983346844566813,0.2932405192839463,0.03350802394993302,12.35511633117838,1.0267810173082577,1.0964620891811898,0.04490313938024855,1.0,9.2580318057788,0.37620921304559324,6.5215035819077665,0.8725332463611365,0.5202442542297813
150,2596724,0.050450952668162186,0.013561924587050966,0.7760149699032158,0.857698023118511,0.44808511733293255,46.37760277177778,0.9147837497751924,0.9799368175571521,0.048706059238609566,1.0,15.381572177782314,0.28795961712656837,15.870309771961503,8.703405597949281,2.3397942423017883
151,2146261,0.0659780619044294,0.00794069734118874,0.25576148147471167,0.1107834559202025,1.1395155595891238,100.69045691464439,1.13851449555769,0.997332087693831,0.028718169682593393,1.0,3.8764624799859617,0.1054290557348706,1.916788200530406,17.225050254595736,6.643361199499688
152,925464,0.07198456114907792,0.01958474510367958,0.9985243303646829,0.8875335046750801,0.5002737850760997,50.45792791662406,1.1469466023019632,1.02349353425475,0.04336481263143035,1.0,13.871367893689985,0.24278422589129214,13.816673381001301,7.113011126401751,3.63219179756999
153,126212,0.07832439818307807,0.027097905408074885,0.591394340002489,0.6729839781598991,-0.4632778803299531,14.245625522983794,0.9269629643622269,0.9690717368980057,0.05264617315236001,1.0,7.55057624088147,0.36168641802183055,8.218907898088096,-5.731924030981822,1.1157800458292024
154,2271656,0.05978138726152843,0.0904393257163218,0.11814558303721329,0.002881086555741763,-0.23140526734400813,41.06914275504331,1.0199372010762884,1.2000711768154952,0.04313250707744283,1.0,1.9762937671612786,1.7800200714018566,0.040959697864866085,-4.645305240039826,2.4551703275382386
155,657672,0.07549308726242149,0.005903467150299269,0.18205148000184906,0.2082811297209063,0.4564718952035629,119.15099909567543,1.0794310624693007,0.9420333317101998,0.03940433087258544,1.0,2.411498676283035,0.06824507620113825,3.16134126683887,5.6960412650222905,8.99507677213453
156,2112247,0.07967469846003072,0.010603507189385297,0.03679820402772205,0.029726382899567305,0.022639760009866006,38.17495801058402,0.9201624960962373,0.8680934200510462,0.04402596284896817,1.0,0.4618555794871578,0.1255541414658246,0.3954756085640689,0.2466708638496918,3.041578268217616
157,1223454,0.0781034850730003,0.007071313228210585,0.5380257281878431,0.2979357355961083,1.9441196045827236,65.38908531868603,1.2493699438866468,0.5571207148694068,0.035542726343880796,1.0,6.888626386965592,0.04037271116566638,8.554486228483754,13.867618108006514,5.107115449125137
158,2372169,0.09087197150966098,0.007199771072478545,0.2683772185637632,0.22773009525126992,0.7105412393765831,101.87851578271695,1.094563547483836,0.9201381986203536,0.03283006392022523,1.0,2.953355298726306,0.06660407742264884,2.9811127203735444,7.194695186908483,9.2579015836536
159,2210304,0.047456664845365315,0.011168281197098506,0.4161729231649369,0.3860358618779028,0.1365601732676569,36.322926892461986,1.211609501911925,0.9695256996161239,0.038147287580445846,1.0,8.769535839086277,0.18831537591382028,10.165617929167498,2.7898841597578974,1.723764967738275
160,1388055,0.05840402361959729,0.01937762618595834,0.42235620111568317,0.4123657466957234,0.05820767087630463,21.900897363232104,1.0708172301667813,1.0052628597985782,0.05390128157265682,1.0,7.23162848961596,0.311474209715197,7.520998958014236,1.0018831933300947,1.2791005268925837
161,2597381,0.04352345116786316,0.010130763086151462,0.7834001751529897,0.9505167699192516,0.7093625003244841,61.352061383635494,0.7720825337679629,0.9466503296689899,0.04914883368546282,1.0,17.999495769109338,0.2853939068238578,17.81191425017998,15.428883205907793,2.670253447678402
162,57591,0.04196334791280998,0.001466891516621438,0.06162984855251402,0.07291559698490285,-0.16762329134504372,41.15502534642634,0.902282058183392,0.9119320860062657,0.04706374665572616,1.0,1.4686589992906771,0.035330358329158186,1.7192147606240467,-3.6427278885643557,1.7270026469726016
163,1750650,0.09731574052762587,0.012574371240133109,0.13251244360627362,0.19720126921978548,-1.1497123377693785,42.954731933466356,1.249962122141381,0.6658644105372242,0.030495900611182764,1.0,1.3616753352316746,0.06883227705415976,3.8039750836143282,-7.866687587491124,4.180171547270937
164,22863,0.05921258607789792,0.016048811516792993,0.4343954789429302,0.46214906080643825,0.20361695868631235,35.6623825569169,1.096101874799164,0.9154291505025415,0.05187662330324348,1.0,7.336201772566652,0.2263615529255899,9.345321109036668,3.1479270179637995,2.1116618968943675
165,422878,0.06390161776116127,0.00587574898126797,0.19287223209676302,0.2260444895437007,-0.024366096630487055,51.22168925229529,1.2090635087584314,0.7703495320617877,0.02700194679905068,1.0,3.018268376516576,0.0585854931803847,5.551922075877791,-0.2937392165504214,3.2731488076811557
166,901563,0.08846145691095053,0.07368431140873449,0.0885055270468198,0.010503861509662704,-0.16976516344104908,24.56897585418674,1.0948858032888236,1.1453566559026866,0.036010961800572366,1.0,1.0004981846038736,0.8713504523958961,0.11350708746128621,-2.198038181570389,2.173407398871324
167,931468,0.07147948911250646,0.04551543422364707,0.11735241716363681,0.06640267687839901,0.091619563011196,37.49146312751668,1.140297575829239,0.4861926879774394,0.054364528325622496,1.0,1.6417635131516932,0.27149852376453193,2.178782736782923,0.6231824284812629,2.679870630435266
168,701408,0.08309894903427101,0.10037771431997677,0.3671934125700661,0.3306523434752192,-7.327587396534168,94.26791671837671,0.7882733004443107,1.0378036754751572,0.0498809809393356,1.0,4.418749175980928,1.5903040267425146,3.0223008010234547,-91.51255486218447,7.833564806947289
169,1093872,0.09361977074924505,0.005546292137256104,0.15749548953536258,0.21657121173946697,-0.1057292652369557,36.04755343687537,1.171217387444217,0.5585014807865127,0.0383921310048521,1.0,1.6822887759168395,0.028250229851610697,4.851168228868723,-0.630742317832325,3.374763688831432
170,1278511,0.09979299386680773,0.035409748821817966,0.8419264222616327,0.999480995199153,0.4326486867843826,44.10479303895675,0.7500389663603306,0.9330278956361955,0.04638462727928194,1.0,8.436728768608143,0.44140128785155186,8.051256944388125,4.045106556468011,4.401349341233435
171,2638097,0.0708189728266092,0.013716257176629165,0.406837082360985,0.5085009068851396,0.4977204053405715,47.94836321211187,0.9878925503506063,0.8869736473901093,0.05253537489163692,1.0,5.744747009492375,0.1738949629741559,7.99725790813573,6.233709212166606,3.3956538313989393
172,1536789,0.07878178797681251,0.001003389497757745,0.7660275285499873,0.7197565542329782,1.1431241928256974,44.4956235662927,1.2499014938224402,0.889913293119042,0.02490987265084154,1.0,9.723408775330775,0.009068085891208374,12.831809051172716,12.912646958215456,3.5054447816957337
173,29294,0.07504040165804493,0.04432437946075174,0.06542997125132638,0.022184054657090668,0.057545096755995395,64.11939015940973,1.0176972259140322,0.9876926520880716,0.04838769976822894,1.0,0.8719299178259631,0.5732588213498191,0.304608869244907,0.7574169110740682,4.811544791631
174,1134217,0.06696288960998209,0.010922085936460213,0.22128373323726724,0.22925211204328771,0.1909974540562498,81.96004066657696,1.184042671081722,0.882922320126773,0.03998351053440792,1.0,3.304572645029355,0.12162603385950671,4.591176801191363,2.5183488385261144,5.488281155585636
175,2159117,0.04267261169607728,0.0010200441457666742,0.6640505443036351,0.4220291299981553,-4.819924475816585,25.202009173472447,1.1217773838031557,0.9990723746364434,0.047562183449962665,1.0,15.561516342921156,0.021289232962724357,11.104600379309582,-112.84646522033837,1.0754355514205673
176,1428275,0.04084981892763295,0.001009374052915346,0.4360469780026033,0.5349996299465067,0.612370614756732,60.21754629915636,1.001481874870329,0.9906752183714755,0.05724602180854524,1.0,10.674391942228128,0.024442757906158647,13.239608413890327,14.850993429692377,2.459875862586891
177,1049177,0.058566898436733794,0.0010200190888352,0.24318816752428302,0.2902990682669821,0.35922562832796157,48.084241640473394,1.115699014646786,0.9623929251518937,0.045727089023995054,1.0,4.1523142596834655,0.015023165308416709,5.746296674083981,5.9029283172563725,2.816144896564971
178,14046,0.08179228365356622,0.007520480035677901,0.19263153605405675,0.30029697693195423,0.16457736437036186,59.07230659363027,0.9089004672790115,0.8177122165301005,0.04537636335095421,1.0,2.355130917605304,0.08272130709484568,4.080886037475211,1.6453498471808823,4.831658856976638
179,1020772,0.08958342384433593,0.07356684484587644,0.12940430834370492,0.05853916765725431,0.13244643689130475,87.03010878416465,1.0251123521406034,0.9850578787071294,0.04979794612179077,1.0,1.4445117499478866,0.7891230981415577,0.6800308321317711,1.4563788764445107,7.796455122430486
180,579778,0.08350439089079237,0.007499373681793542,0.18063374540121913,0.17354508472635932,0.27233641582973256,110.60015661949856,1.1948207345699824,0.934880276583665,0.04240153965610564,1.0,2.1631646369045816,0.07026983417714597,2.656132638372269,3.0489647435148,9.235598710937465
181,900839,0.047859588852765256,0.011372137260992343,0.2447232608210415,0.22513626747329651,0.6774768935168463,98.16311253942487,0.7563063360682842,1.0788019126130863,0.051342628615563664,1.0,5.113359029763203,0.3389355307745752,3.2978623856193408,15.270991372816981,4.6980462066446
182,2596743,0.06712496396405632,0.00745061946063863,0.7928473080419616,0.8790398538825365,0.8969835900777534,28.607302438915546,0.800971310794064,0.9975678518927136,0.04246827370808899,0.9999999999999999,11.811511861168533,0.13824002414602402,10.514751563347275,13.330390666816925,1.9202641453210665
183,1112544,0.04080893568306354,0.04416821971394386,0.17342102307054552,0.08283935156285993,-0.7345473428179539,96.02845482374974,0.926897981674428,1.039006923200921,0.058825694610745834,1.0,4.249584562003621,1.2132243860521028,1.8109018712886467,-18.701780917149385,3.9188190366463758
184,843790,0.0319070593716706,0.008404110018654487,0.32278102610787895,0.08197350686634836,2.2369176595889617,135.06266453813572,1.0256986269380912,0.42961267610478326,0.05070166969907796,1.0,10.116288760676811,0.11032203434825581,6.133797319303574,30.118983099248418,4.309452456314325
185,1717520,0.079566769324178,0.07336644042330459,0.052210577853923135,0.024442938226316102,-0.5281490696916336,62.50580256009283,0.9518317056179941,0.8306674362297348,0.053544464701545356,1.0,0.6561857204633025,0.8046976674994295,0.3520097291595557,-5.513812328868251,4.973384773721521
186,2045254,0.09718888423544225,0.024085373348110894,0.0702490251027798,0.038291904566226664,0.055612474556892,32.455698286641166,1.0183090948536226,0.9447199325570192,0.04665757206494971,0.9999999999999999,0.7228092559700547,0.2299112604544974,0.4246849938786613,0.5405784172338162,3.15433310356081
187,810296,0.10847873480216375,0.03675936015203862,0.07993106249781584,0.0296185300300858,0.2132375825975119,50.083663914824484,1.2153050430322079,0.9957915143123641,0.04419899540787621,1.0,0.7368362347107824,0.2776556101359409,0.333223612492436,1.9574359497309404,5.433012495736943
188,2596346,0.07158834459832508,0.02518035594682766,0.8262382831042723,0.9857400580425963,0.677103432528281,27.04506431428272,0.7645150513447193,0.8181208298623548,0.06261600387275028,1.0,11.541519611051369,0.3764011617841229,12.86733699874611,7.738025306086582,1.9361113838147357
189,1194133,0.10367577686912033,0.10403296544969093,0.17017891478762515,0.0169922519271834,-3.7342054900067545,36.94035076744845,1.2498170719364516,1.2337397880326508,0.03295091794248136,1.0,1.641452998249128,0.9905372179641988,0.16603380535474263,-44.436974854089506,3.8298195636330234
190,275688,0.06386594569468274,0.0022942109323482174,0.3462914681387659,0.4163095928695737,0.48158557315783446,52.93235141463874,1.0437114722096479,0.8792156155339046,0.026612492738769655,1.0,5.422161441000895,0.03026069743930147,7.738060753986851,6.629786054690269,3.380574680939181
191,433536,0.0425027730611251,0.008133975444902575,0.8939326882002696,0.9005131010967526,0.4227903055262572,72.34121497246724,1.0534030678198123,1.004690197533026,0.06395950434799737,1.0,21.032337982151564,0.18252534458226233,22.214430460311632,9.994013213287017,3.07470224294084
192,804897,0.07629495848912693,0.06376575076253821,0.2548258882223053,0.12626882857835575,-0.8444980821574022,40.77691238354554,1.1327382272145723,1.1904124078003042,0.04859439336959159,1.0,3.3400095270858747,0.8783336553069961,1.574825442817427,-13.176506223632082,3.111072837617373
193,2465045,0.06940439523144604,0.02220689383008362,0.06221210951623751,0.03428682934035565,0.1669874195054577,71.40340783042792,1.0174814446734557,1.0077452981515114,0.04880233424303837,1.0,0.8963713221443097,0.3169021054309789,0.49878808313639844,2.4246416425920185,4.955710337935148
194,1359873,0.02743153442293389,0.003449313303923396,0.11434442375319798,0.13705861319151502,0.0794978141124636,72.6753846530798,1.0,0.8009259259259259,0.063358325946934,1.0,4.168356825770612,0.10071053296398091,6.238265868444076,2.321119168743246,1.9935973158109197
195,885304,0.05655549121505621,0.0010090140620459542,0.9388438577627907,0.7280991755141752,-1.2445420204954305,22.327498146634483,1.1352956314679523,1.0063699624702285,0.032191701220101274,1.0,16.60040143923021,0.0158150707452131,14.523358622269837,-22.145854974471092,1.2627426252861702
196,2163357,0.09199341113813914,0.14343612006095052,0.26904037478207843,0.10023616399726043,-2.7218313884728653,26.20077972994546,1.0845164661384235,1.0698525601210327,0.0626634250881749,1.0,2.924561351226362,1.5381177577612377,1.1045361519856258,-31.653987423108223,2.4102991018366944
197,1329873,0.06865514262756872,0.032244617038994616,0.9948713692865043,0.9308167379689087,-3.176746279768121,132.46881080936555,1.0809136597720173,1.007378723496142,0.05531375687640499,1.0,14.490849937976972,0.43770944543896484,14.54753268410892,-46.612482178412684,9.094665099821409
198,1401958,0.05173650546540143,0.010315331722946741,0.12493136548684702,0.13655750214434176,0.07844575592959258,95.35552455792285,1.1001530503156565,0.7804275532100403,0.054632956384954814,1.0,2.4147623493897235,0.14143783316695677,3.7208227901401036,1.1833274939836318,4.933361617447195
199,1177,0.0434772172325425,0.008870677777308877,0.9587656927565954,0.8217893386362685,-0.35807494822453156,29.67793070165828,1.1232987524005686,1.0032014572943602,0.05354062250279804,1.0,22.052140265291946,0.18221660159969696,21.164396331195064,-8.262288452320197,1.2903138401283394
200,1882022,0.05760250159185659,0.0015179888059630997,0.42713339503121667,0.39958354629242726,0.9055331979648007,112.30018269890422,1.2471057136462764,0.864450140233569,0.03862876463115335,1.0,7.41518828570462,0.01826686017708554,10.007591560172315,13.589484455263467,6.468771452679416
201,2358986,0.07245385177656666,0.006899172435908374,0.996171560388043,0.7929977629807001,1.885508534492799,67.49343131771914,1.176666316109212,1.0092442709026164,0.039094707649011275,1.0,13.749049028615332,0.08167299710052497,12.760494727452548,26.264147999241395,4.890159068585905
202,128381,0.042841645774788495,0.013485481044665404,0.801227039305207,0.8146372432436955,0.7247886171386431,67.1452452789642,0.9966277394322735,0.8413793152005103,0.058339152171428856,1.0,18.70206022236228,0.2657413622575706,22.52367514521144,14.234330622100082,2.8766128137026734
